drop table if exists `scores`;

drop table if exists `drills`;

drop table if exists `users`;

create table if not exists `users` (
  `username` varchar(90) not null,
  `password` varchar(90) not null default (md5('player')),
  `rolename` enum('coach', 'player') not null default 'player',
  `firstname` varchar(90) not null,
  `lastname` varchar(90) not null,
  `gender` tinyint(1) not null,
  `birthday` date null default null,
  primary key(`username`)
);

create table if not exists `drills` (
  `id` int(11) not null auto_increment,
  `name` varchar(90) not null,
  `desc` text not null,
  `duration` time not null,
  `min` int(11) not null,
  `max` int(11) not null,
  `color` varchar(9) not null default '#555555',
  `owner` varchar(90) not null,
  primary key(`id`),
  foreign key(`owner`) references `users`(`username`) on update cascade on delete cascade
);

create table if not exists `scores` (
  `id` bigint(20) not null auto_increment,
  `date` datetime not null,
  `drill` int(11) not null,
  `user` varchar(90) not null,
  `value` int(11) not null,
  primary key(`id`),
  unique key (`date`,`drill`,`user`),
  foreign key(`drill`) references `drills`(`id`) on update cascade on delete cascade,
  foreign key(`user`) references `users`(`username`) on update cascade on delete cascade
);

insert into `users` (`username`,`password`,`rolename`,`firstname`,`lastname`,`gender`, `birthday`) values 
('jerome.rocheteau@basketball.db', md5('coach'),  'coach',  'Jérôme',  'Rocheteau', true, '1977-07-14');

insert into `users` (`username`,`firstname`,`lastname`,`gender`) values 
('elise.trelohan@basketball.db',   'Elise',   'Trélohan',  false),
('marion.guillaume@basketball.db', 'Marion',  'Guillaume', false),
('maissa.azzam@basketball.db',     'Maïssa',  'Azzam',     false),
('celia.baudoin@basketball.db',    'Célia',   'Baudoin',   false),
('maiwenn.gicquel@basketball.db',  'Maïwenn', 'Gicquel',   false),
('isa.azzam@basketball.db',        'Isa',     'Azzam',     false),
('lea.paboeuf@basketball.db',      'Léa',     'Pabœuf',    false),
('jade.montois@basketball.db',     'Jade',    'Montois',   false),
('adele.lefeuvre@basketball.db',   'Adèle',   'Lefeuvre',  false),
('koline.osseyi@basketball.db',    'Koline',  'Osseyi',    false),
('margot.rialland@basketball.db',  'Margot',  'Rialland',  false);

insert into `drills` (`duration`,`min`,`max`,`color`,`owner`,`name`,`desc`) values 
('00:00:45', '0', '30', '#0000ff', 'jerome.rocheteau@basketball.db', 'Johannès', 'Épreuve de tirs en course sur départ arrếté'),
('00:00:45', '0', '30', '#00ff00', 'jerome.rocheteau@basketball.db', 'Batum',    'Épreuve de tirs en course lancé dans le dribble et de passes'),
('00:00:45', '0', '30', '#ff0000', 'jerome.rocheteau@basketball.db', 'Fournier', 'Épreuve de lancers-francs'),
('00:00:45', '0', '45', '#000000', 'jerome.rocheteau@basketball.db', 'Gruda',    'Épreuve de tirs extérieurs');

INSERT INTO `scores` (`date`,`drill`,`user`,`value`) VALUES
('2021-11-25 19:00:00',2,'elise.trelohan@basketball.db',4),
('2021-11-25 19:00:00',2,'marion.guillaume@basketball.db',4),
('2021-11-25 19:00:00',2,'celia.baudoin@basketball.db',6),
('2021-11-25 19:00:00',2,'maissa.azzam@basketball.db',9),
('2021-11-25 19:05:00',2,'elise.trelohan@basketball.db',11),
('2021-11-25 19:05:00',2,'marion.guillaume@basketball.db',4),
('2021-11-25 19:05:00',2,'celia.baudoin@basketball.db',10),
('2021-11-25 19:05:00',2,'maissa.azzam@basketball.db',8),
('2021-11-25 19:15:00',1,'elise.trelohan@basketball.db',4),
('2021-11-25 19:15:00',1,'marion.guillaume@basketball.db',12),
('2021-11-25 19:15:00',1,'celia.baudoin@basketball.db',12),
('2021-11-25 19:15:00',1,'maissa.azzam@basketball.db',12),
('2021-11-25 19:20:00',1,'elise.trelohan@basketball.db',0),
('2021-11-25 19:20:00',1,'marion.guillaume@basketball.db',6),
('2021-11-25 19:20:00',1,'celia.baudoin@basketball.db',8),
('2021-11-25 19:20:00',1,'maissa.azzam@basketball.db',10),
('2021-11-25 19:30:00',3,'elise.trelohan@basketball.db',5),
('2021-11-25 19:30:00',3,'marion.guillaume@basketball.db',8),
('2021-11-25 19:30:00',3,'celia.baudoin@basketball.db',7),
('2021-11-25 19:30:00',3,'maissa.azzam@basketball.db',6),
('2021-11-25 19:35:00',3,'elise.trelohan@basketball.db',3),
('2021-11-25 19:35:00',3,'marion.guillaume@basketball.db',3),
('2021-11-25 19:35:00',3,'celia.baudoin@basketball.db',12),
('2021-11-25 19:35:00',3,'maissa.azzam@basketball.db',7),
('2021-11-25 19:45:00',4,'elise.trelohan@basketball.db',20),
('2021-11-25 19:45:00',4,'marion.guillaume@basketball.db',8),
('2021-11-25 19:45:00',4,'celia.baudoin@basketball.db',9),
('2021-11-25 19:45:00',4,'maissa.azzam@basketball.db',7),
('2021-11-25 19:50:00',4,'elise.trelohan@basketball.db',12),
('2021-11-25 19:50:00',4,'marion.guillaume@basketball.db',10),
('2021-11-25 19:50:00',4,'celia.baudoin@basketball.db',6),
('2021-11-25 19:50:00',4,'maissa.azzam@basketball.db',13),
('2021-12-02 19:00:00',3,'marion.guillaume@basketball.db',5),
('2021-12-02 19:00:00',3,'maissa.azzam@basketball.db',5),
('2021-12-02 19:00:00',3,'elise.trelohan@basketball.db',7),
('2021-12-02 19:00:00',3,'celia.baudoin@basketball.db',10),
('2021-12-02 19:10:00',3,'marion.guillaume@basketball.db',5),
('2021-12-02 19:10:00',3,'maissa.azzam@basketball.db',5),
('2021-12-02 19:10:00',3,'elise.trelohan@basketball.db',8),
('2021-12-02 19:10:00',3,'celia.baudoin@basketball.db',8),
('2021-12-02 19:20:00',3,'marion.guillaume@basketball.db',4),
('2021-12-02 19:20:00',3,'maissa.azzam@basketball.db',6),
('2021-12-02 19:20:00',3,'elise.trelohan@basketball.db',7),
('2021-12-02 19:20:00',3,'celia.baudoin@basketball.db',5),
('2021-12-02 19:30:00',3,'marion.guillaume@basketball.db',10),
('2021-12-02 19:30:00',3,'maissa.azzam@basketball.db',3),
('2021-12-02 19:30:00',3,'elise.trelohan@basketball.db',3),
('2021-12-02 19:30:00',3,'celia.baudoin@basketball.db',2),
('2021-12-02 19:40:00',3,'marion.guillaume@basketball.db',3),
('2021-12-02 19:40:00',3,'maissa.azzam@basketball.db',9),
('2021-12-02 19:40:00',3,'elise.trelohan@basketball.db',3),
('2021-12-02 19:40:00',3,'celia.baudoin@basketball.db',8),
('2021-12-09 19:00:00',1,'celia.baudoin@basketball.db',8),
('2021-12-09 19:00:00',1,'maissa.azzam@basketball.db',10),
('2021-12-09 19:00:00',1,'marion.guillaume@basketball.db',12),
('2021-12-09 19:00:00',1,'elise.trelohan@basketball.db',10),
('2021-12-09 19:05:00',1,'celia.baudoin@basketball.db',10),
('2021-12-09 19:05:00',1,'maissa.azzam@basketball.db',10),
('2021-12-09 19:05:00',1,'marion.guillaume@basketball.db',8),
('2021-12-09 19:05:00',1,'elise.trelohan@basketball.db',10),
('2021-12-09 19:10:00',1,'celia.baudoin@basketball.db',12),
('2021-12-09 19:10:00',1,'maissa.azzam@basketball.db',10),
('2021-12-09 19:10:00',1,'marion.guillaume@basketball.db',6),
('2021-12-09 19:10:00',1,'elise.trelohan@basketball.db',10),
('2021-12-09 19:20:00',2,'celia.baudoin@basketball.db',11),
('2021-12-09 19:20:00',2,'maissa.azzam@basketball.db',10),
('2021-12-09 19:20:00',2,'marion.guillaume@basketball.db',9),
('2021-12-09 19:20:00',2,'elise.trelohan@basketball.db',7),
('2021-12-09 19:25:00',2,'celia.baudoin@basketball.db',6),
('2021-12-09 19:25:00',2,'maissa.azzam@basketball.db',9),
('2021-12-09 19:25:00',2,'marion.guillaume@basketball.db',6),
('2021-12-09 19:25:00',2,'elise.trelohan@basketball.db',4),
('2021-12-09 19:30:00',2,'celia.baudoin@basketball.db',11),
('2021-12-09 19:30:00',2,'maissa.azzam@basketball.db',8),
('2021-12-09 19:30:00',2,'marion.guillaume@basketball.db',8),
('2021-12-09 19:30:00',2,'elise.trelohan@basketball.db',9),
('2021-12-09 19:40:00',3,'celia.baudoin@basketball.db',11),
('2021-12-09 19:40:00',3,'maissa.azzam@basketball.db',7),
('2021-12-09 19:40:00',3,'marion.guillaume@basketball.db',2),
('2021-12-09 19:40:00',3,'elise.trelohan@basketball.db',11),
('2021-12-09 19:45:00',3,'celia.baudoin@basketball.db',9),
('2021-12-09 19:45:00',3,'maissa.azzam@basketball.db',8),
('2021-12-09 19:45:00',3,'marion.guillaume@basketball.db',3),
('2021-12-09 19:45:00',3,'elise.trelohan@basketball.db',1),
('2021-12-09 19:50:00',3,'celia.baudoin@basketball.db',17),
('2021-12-09 19:50:00',3,'maissa.azzam@basketball.db',7),
('2021-12-09 19:50:00',3,'marion.guillaume@basketball.db',5),
('2021-12-09 19:50:00',3,'elise.trelohan@basketball.db',6),
('2021-12-09 20:00:00',4,'celia.baudoin@basketball.db',15),
('2021-12-09 20:00:00',4,'maissa.azzam@basketball.db',12),
('2021-12-09 20:00:00',4,'marion.guillaume@basketball.db',5),
('2021-12-09 20:00:00',4,'elise.trelohan@basketball.db',5),
('2021-12-18 11:00:00',1,'maissa.azzam@basketball.db',12),
('2021-12-18 11:00:00',1,'celia.baudoin@basketball.db',14),
('2021-12-18 11:00:00',1,'marion.guillaume@basketball.db',10),
('2021-12-18 11:00:00',1,'elise.trelohan@basketball.db',6),
('2021-12-18 11:05:00',1,'maissa.azzam@basketball.db',12),
('2021-12-18 11:05:00',1,'celia.baudoin@basketball.db',12),
('2021-12-18 11:05:00',1,'marion.guillaume@basketball.db',8),
('2021-12-18 11:05:00',1,'elise.trelohan@basketball.db',4),
('2021-12-18 11:10:00',1,'maissa.azzam@basketball.db',10),
('2021-12-18 11:10:00',1,'celia.baudoin@basketball.db',10),
('2021-12-18 11:10:00',1,'marion.guillaume@basketball.db',8),
('2021-12-18 11:10:00',1,'elise.trelohan@basketball.db',8),
('2021-12-18 11:20:00',2,'maissa.azzam@basketball.db',10),
('2021-12-18 11:20:00',2,'celia.baudoin@basketball.db',8),
('2021-12-18 11:20:00',2,'marion.guillaume@basketball.db',8),
('2021-12-18 11:20:00',2,'elise.trelohan@basketball.db',6),
('2021-12-18 11:25:00',2,'maissa.azzam@basketball.db',11),
('2021-12-18 11:25:00',2,'celia.baudoin@basketball.db',10),
('2021-12-18 11:25:00',2,'marion.guillaume@basketball.db',9),
('2021-12-18 11:25:00',2,'elise.trelohan@basketball.db',7),
('2021-12-18 11:30:00',2,'maissa.azzam@basketball.db',10),
('2021-12-18 11:30:00',2,'celia.baudoin@basketball.db',12),
('2021-12-18 11:30:00',2,'marion.guillaume@basketball.db',9),
('2021-12-18 11:30:00',2,'elise.trelohan@basketball.db',11),
('2021-12-18 11:40:00',3,'maissa.azzam@basketball.db',9),
('2021-12-18 11:40:00',3,'celia.baudoin@basketball.db',5),
('2021-12-18 11:40:00',3,'marion.guillaume@basketball.db',3),
('2021-12-18 11:40:00',3,'elise.trelohan@basketball.db',2),
('2021-12-18 11:45:00',3,'maissa.azzam@basketball.db',9),
('2021-12-18 11:45:00',3,'celia.baudoin@basketball.db',12),
('2021-12-18 11:45:00',3,'marion.guillaume@basketball.db',3),
('2021-12-18 11:45:00',3,'elise.trelohan@basketball.db',4),
('2021-12-18 11:50:00',3,'maissa.azzam@basketball.db',8),
('2021-12-18 11:50:00',3,'celia.baudoin@basketball.db',9),
('2021-12-18 11:50:00',3,'marion.guillaume@basketball.db',5),
('2021-12-18 11:50:00',3,'elise.trelohan@basketball.db',8),
('2021-12-18 12:00:00',4,'maissa.azzam@basketball.db',12),
('2021-12-18 12:00:00',4,'celia.baudoin@basketball.db',8),
('2021-12-18 12:00:00',4,'marion.guillaume@basketball.db',13),
('2021-12-18 12:00:00',4,'elise.trelohan@basketball.db',10),
('2021-12-18 12:05:00',4,'maissa.azzam@basketball.db',15),
('2021-12-18 12:05:00',4,'celia.baudoin@basketball.db',17),
('2021-12-18 12:05:00',4,'marion.guillaume@basketball.db',13),
('2021-12-18 12:05:00',4,'elise.trelohan@basketball.db',9),
('2021-12-18 12:10:00',4,'maissa.azzam@basketball.db',9),
('2021-12-18 12:10:00',4,'celia.baudoin@basketball.db',16),
('2021-12-18 12:10:00',4,'marion.guillaume@basketball.db',0),
('2021-12-18 12:10:00',4,'elise.trelohan@basketball.db',4),
('2021-12-19 10:40:00',1,'maissa.azzam@basketball.db',10),
('2021-12-19 10:40:00',1,'celia.baudoin@basketball.db',8),
('2021-12-19 10:40:00',1,'marion.guillaume@basketball.db',12),
('2021-12-19 10:40:00',1,'elise.trelohan@basketball.db',10),
('2021-12-19 11:00:00',2,'maissa.azzam@basketball.db',10),
('2021-12-19 11:00:00',2,'celia.baudoin@basketball.db',10),
('2021-12-19 11:00:00',2,'marion.guillaume@basketball.db',8),
('2021-12-19 11:00:00',2,'elise.trelohan@basketball.db',8),
('2021-12-19 11:20:00',3,'maissa.azzam@basketball.db',6),
('2021-12-19 11:20:00',3,'celia.baudoin@basketball.db',6),
('2021-12-19 11:20:00',3,'marion.guillaume@basketball.db',6),
('2021-12-19 11:20:00',3,'elise.trelohan@basketball.db',2),
('2021-12-19 11:40:00',4,'maissa.azzam@basketball.db',6),
('2021-12-19 11:40:00',4,'celia.baudoin@basketball.db',3),
('2021-12-19 11:40:00',4,'marion.guillaume@basketball.db',6),
('2021-12-19 11:40:00',4,'elise.trelohan@basketball.db',8),
('2022-01-06 19:00:00',1,'marion.guillaume@basketball.db',6),
('2022-01-06 19:00:00',1,'maissa.azzam@basketball.db',12),
('2022-01-06 19:05:00',1,'marion.guillaume@basketball.db',6),
('2022-01-06 19:05:00',1,'maissa.azzam@basketball.db',12),
('2022-01-06 19:10:00',1,'marion.guillaume@basketball.db',8),
('2022-01-06 19:10:00',1,'maissa.azzam@basketball.db',10),
('2022-01-06 19:15:00',1,'marion.guillaume@basketball.db',10),
('2022-01-06 19:15:00',1,'maissa.azzam@basketball.db',8),
('2022-01-06 19:25:00',3,'marion.guillaume@basketball.db',7),
('2022-01-06 19:25:00',3,'maissa.azzam@basketball.db',9),
('2022-01-06 19:30:00',3,'marion.guillaume@basketball.db',10),
('2022-01-06 19:30:00',3,'maissa.azzam@basketball.db',5),
('2022-01-06 19:35:00',3,'marion.guillaume@basketball.db',6),
('2022-01-06 19:35:00',3,'maissa.azzam@basketball.db',1),
('2022-01-06 19:40:00',3,'marion.guillaume@basketball.db',6),
('2022-01-06 19:40:00',3,'maissa.azzam@basketball.db',6),
('2022-01-06 19:45:00',4,'marion.guillaume@basketball.db',6),
('2022-01-06 19:45:00',4,'maissa.azzam@basketball.db',1),
('2022-01-06 19:50:00',4,'marion.guillaume@basketball.db',8),
('2022-01-06 19:50:00',4,'maissa.azzam@basketball.db',11),
('2022-01-06 19:55:00',4,'marion.guillaume@basketball.db',7),
('2022-01-06 19:55:00',4,'maissa.azzam@basketball.db',8),
('2022-01-13 18:45:00',2,'maissa.azzam@basketball.db',11),
('2022-01-13 18:45:00',2,'elise.trelohan@basketball.db',7),
('2022-01-13 18:50:00',2,'maissa.azzam@basketball.db',6),
('2022-01-13 18:50:00',2,'elise.trelohan@basketball.db',9),
('2022-01-13 18:55:00',2,'maissa.azzam@basketball.db',11),
('2022-01-13 18:55:00',2,'elise.trelohan@basketball.db',10),
('2022-01-13 19:00:00',2,'maissa.azzam@basketball.db',12),
('2022-01-13 19:00:00',2,'elise.trelohan@basketball.db',9),
('2022-01-13 19:10:00',3,'maissa.azzam@basketball.db',8),
('2022-01-13 19:10:00',3,'elise.trelohan@basketball.db',2),
('2022-01-13 19:15:00',3,'maissa.azzam@basketball.db',9),
('2022-01-13 19:15:00',3,'elise.trelohan@basketball.db',2),
('2022-01-13 19:20:00',3,'maissa.azzam@basketball.db',4),
('2022-01-13 19:20:00',3,'elise.trelohan@basketball.db',1),
('2022-01-13 19:30:00',4,'maissa.azzam@basketball.db',12),
('2022-01-13 19:30:00',4,'elise.trelohan@basketball.db',6),
('2022-01-13 19:35:00',4,'maissa.azzam@basketball.db',5),
('2022-01-13 19:35:00',4,'elise.trelohan@basketball.db',4),
('2022-01-13 19:40:00',4,'maissa.azzam@basketball.db',7),
('2022-01-13 19:40:00',4,'elise.trelohan@basketball.db',7),
('2022-01-13 19:50:00',3,'maissa.azzam@basketball.db',12),
('2022-01-13 19:50:00',3,'elise.trelohan@basketball.db',4),
('2022-01-13 19:55:00',3,'maissa.azzam@basketball.db',5),
('2022-01-13 19:55:00',3,'elise.trelohan@basketball.db',2),
('2022-01-27 19:00:00',3,'marion.guillaume@basketball.db',3),
('2022-01-27 19:00:00',3,'elise.trelohan@basketball.db',3),
('2022-01-27 19:05:00',3,'marion.guillaume@basketball.db',3),
('2022-01-27 19:05:00',3,'elise.trelohan@basketball.db',9),
('2022-01-27 19:10:00',3,'marion.guillaume@basketball.db',7),
('2022-01-27 19:10:00',3,'elise.trelohan@basketball.db',3),
('2022-01-27 19:20:00',3,'marion.guillaume@basketball.db',2),
('2022-01-27 19:20:00',3,'elise.trelohan@basketball.db',1),
('2022-01-27 19:25:00',3,'marion.guillaume@basketball.db',5),
('2022-01-27 19:25:00',3,'elise.trelohan@basketball.db',5),
('2022-01-27 19:30:00',3,'marion.guillaume@basketball.db',3),
('2022-01-27 19:30:00',3,'elise.trelohan@basketball.db',3),
('2022-01-27 19:40:00',3,'marion.guillaume@basketball.db',1),
('2022-01-27 19:40:00',3,'elise.trelohan@basketball.db',0),
('2022-01-27 19:45:00',3,'marion.guillaume@basketball.db',4),
('2022-01-27 19:45:00',3,'elise.trelohan@basketball.db',4),
('2022-01-27 19:50:00',3,'marion.guillaume@basketball.db',1),
('2022-01-27 19:50:00',3,'elise.trelohan@basketball.db',3),
('2022-01-27 19:55:00',3,'marion.guillaume@basketball.db',4),
('2022-01-27 19:55:00',3,'elise.trelohan@basketball.db',3),
('2022-02-03 19:00:00',3,'maissa.azzam@basketball.db',6),
('2022-02-03 19:00:00',3,'elise.trelohan@basketball.db',0),
('2022-02-03 19:00:00',3,'marion.guillaume@basketball.db',10),
('2022-02-03 19:05:00',3,'maissa.azzam@basketball.db',5),
('2022-02-03 19:05:00',3,'elise.trelohan@basketball.db',6),
('2022-02-03 19:05:00',3,'marion.guillaume@basketball.db',2),
('2022-02-03 19:10:00',3,'maissa.azzam@basketball.db',10),
('2022-02-03 19:10:00',3,'elise.trelohan@basketball.db',4),
('2022-02-03 19:10:00',3,'marion.guillaume@basketball.db',4),
('2022-02-03 19:20:00',4,'maissa.azzam@basketball.db',13),
('2022-02-03 19:20:00',4,'elise.trelohan@basketball.db',4),
('2022-02-03 19:20:00',4,'marion.guillaume@basketball.db',10),
('2022-02-03 19:25:00',4,'maissa.azzam@basketball.db',6),
('2022-02-03 19:25:00',4,'elise.trelohan@basketball.db',7),
('2022-02-03 19:25:00',4,'marion.guillaume@basketball.db',2),
('2022-02-03 19:30:00',4,'maissa.azzam@basketball.db',8),
('2022-02-03 19:30:00',4,'elise.trelohan@basketball.db',7),
('2022-02-03 19:30:00',4,'marion.guillaume@basketball.db',5),
('2022-02-03 19:40:00',1,'maissa.azzam@basketball.db',8),
('2022-02-03 19:40:00',1,'elise.trelohan@basketball.db',10),
('2022-02-03 19:40:00',1,'marion.guillaume@basketball.db',10),
('2022-02-03 19:45:00',1,'maissa.azzam@basketball.db',6),
('2022-02-03 19:45:00',1,'elise.trelohan@basketball.db',8),
('2022-02-03 19:45:00',1,'marion.guillaume@basketball.db',10),
('2022-02-03 19:50:00',3,'maissa.azzam@basketball.db',8),
('2022-02-03 19:50:00',3,'elise.trelohan@basketball.db',3),
('2022-02-03 19:50:00',3,'marion.guillaume@basketball.db',9),
('2022-02-03 19:55:00',3,'maissa.azzam@basketball.db',6),
('2022-02-03 19:55:00',3,'elise.trelohan@basketball.db',2),
('2022-02-03 19:55:00',3,'marion.guillaume@basketball.db',6),
('2022-02-10 18:40:00',2,'maissa.azzam@basketball.db',10),
('2022-02-10 18:40:00',2,'elise.trelohan@basketball.db',9),
('2022-02-10 18:45:00',2,'maissa.azzam@basketball.db',12),
('2022-02-10 18:45:00',2,'elise.trelohan@basketball.db',9),
('2022-02-10 18:50:00',2,'maissa.azzam@basketball.db',9),
('2022-02-10 18:50:00',2,'elise.trelohan@basketball.db',9),
('2022-02-10 19:00:00',1,'maissa.azzam@basketball.db',12),
('2022-02-10 19:00:00',1,'elise.trelohan@basketball.db',4),
('2022-02-10 19:05:00',1,'maissa.azzam@basketball.db',14),
('2022-02-10 19:05:00',1,'elise.trelohan@basketball.db',12),
('2022-02-10 19:10:00',1,'maissa.azzam@basketball.db',14),
('2022-02-10 19:10:00',1,'elise.trelohan@basketball.db',8),
('2022-02-10 19:20:00',3,'maissa.azzam@basketball.db',7),
('2022-02-10 19:20:00',3,'elise.trelohan@basketball.db',2),
('2022-02-10 19:25:00',3,'maissa.azzam@basketball.db',9),
('2022-02-10 19:25:00',3,'elise.trelohan@basketball.db',5),
('2022-02-10 19:30:00',3,'maissa.azzam@basketball.db',3),
('2022-02-10 19:30:00',3,'elise.trelohan@basketball.db',8),
('2022-02-10 19:35:00',3,'maissa.azzam@basketball.db',7),
('2022-02-10 19:35:00',3,'elise.trelohan@basketball.db',5),
('2022-02-10 19:45:00',4,'maissa.azzam@basketball.db',6),
('2022-02-10 19:45:00',4,'elise.trelohan@basketball.db',1),
('2022-02-10 19:50:00',4,'maissa.azzam@basketball.db',5),
('2022-02-10 19:50:00',4,'elise.trelohan@basketball.db',5),
('2022-02-10 19:55:00',4,'maissa.azzam@basketball.db',5),
('2022-02-10 19:55:00',4,'elise.trelohan@basketball.db',6),
('2022-02-17 18:45:00',2,'elise.trelohan@basketball.db',11),
('2022-02-17 18:45:00',2,'maissa.azzam@basketball.db',12),
('2022-02-17 18:45:00',2,'marion.guillaume@basketball.db',9),
('2022-02-17 18:50:00',2,'elise.trelohan@basketball.db',10),
('2022-02-17 18:50:00',2,'maissa.azzam@basketball.db',13),
('2022-02-17 18:50:00',2,'marion.guillaume@basketball.db',7),
('2022-02-17 18:55:00',1,'elise.trelohan@basketball.db',12),
('2022-02-17 18:55:00',1,'maissa.azzam@basketball.db',12),
('2022-02-17 18:55:00',1,'marion.guillaume@basketball.db',12),
('2022-02-17 19:00:00',1,'elise.trelohan@basketball.db',10),
('2022-02-17 19:00:00',1,'maissa.azzam@basketball.db',14),
('2022-02-17 19:00:00',1,'marion.guillaume@basketball.db',8),
('2022-02-17 19:05:00',3,'elise.trelohan@basketball.db',6),
('2022-02-17 19:05:00',3,'maissa.azzam@basketball.db',12),
('2022-02-17 19:05:00',3,'marion.guillaume@basketball.db',7),
('2022-02-17 19:10:00',3,'elise.trelohan@basketball.db',2),
('2022-02-17 19:10:00',3,'maissa.azzam@basketball.db',5),
('2022-02-17 19:10:00',3,'marion.guillaume@basketball.db',6),
('2022-02-17 19:20:00',4,'elise.trelohan@basketball.db',5),
('2022-02-17 19:20:00',4,'maissa.azzam@basketball.db',10),
('2022-02-17 19:20:00',4,'marion.guillaume@basketball.db',14),
('2022-02-17 19:25:00',4,'elise.trelohan@basketball.db',4),
('2022-02-17 19:25:00',4,'maissa.azzam@basketball.db',12),
('2022-02-17 19:25:00',4,'marion.guillaume@basketball.db',5),
('2022-02-17 19:30:00',3,'elise.trelohan@basketball.db',4),
('2022-02-17 19:30:00',3,'maissa.azzam@basketball.db',8),
('2022-02-17 19:30:00',3,'marion.guillaume@basketball.db',10),
('2022-02-17 19:35:00',3,'elise.trelohan@basketball.db',4),
('2022-02-17 19:35:00',3,'maissa.azzam@basketball.db',9),
('2022-02-17 19:35:00',3,'marion.guillaume@basketball.db',5),
('2022-02-19 10:50:00',1,'maissa.azzam@basketball.db',12),
('2022-02-19 10:50:00',1,'marion.guillaume@basketball.db',10),
('2022-02-19 10:50:00',1,'elise.trelohan@basketball.db',6),
('2022-02-19 10:55:00',2,'maissa.azzam@basketball.db',9),
('2022-02-19 10:55:00',2,'marion.guillaume@basketball.db',8),
('2022-02-19 10:55:00',2,'elise.trelohan@basketball.db',6),
('2022-02-19 11:00:00',3,'maissa.azzam@basketball.db',7),
('2022-02-19 11:00:00',3,'marion.guillaume@basketball.db',5),
('2022-02-19 11:00:00',3,'elise.trelohan@basketball.db',2),
('2022-02-19 11:05:00',4,'maissa.azzam@basketball.db',8),
('2022-02-19 11:05:00',4,'marion.guillaume@basketball.db',6),
('2022-02-19 11:05:00',4,'elise.trelohan@basketball.db',7),
('2022-02-19 11:30:00',3,'maissa.azzam@basketball.db',8),
('2022-02-19 11:30:00',3,'marion.guillaume@basketball.db',4),
('2022-02-19 11:30:00',3,'elise.trelohan@basketball.db',2),
('2022-02-19 11:35:00',1,'maissa.azzam@basketball.db',12),
('2022-02-19 11:35:00',1,'marion.guillaume@basketball.db',8),
('2022-02-19 11:35:00',1,'elise.trelohan@basketball.db',12),
('2022-02-19 11:40:00',4,'maissa.azzam@basketball.db',12),
('2022-02-19 11:40:00',4,'marion.guillaume@basketball.db',9),
('2022-02-19 11:40:00',4,'elise.trelohan@basketball.db',10),
('2022-02-19 11:45:00',2,'maissa.azzam@basketball.db',9),
('2022-02-19 11:45:00',2,'marion.guillaume@basketball.db',11),
('2022-02-19 11:45:00',2,'elise.trelohan@basketball.db',7),
('2022-02-20 10:00:00',1,'maissa.azzam@basketball.db',12),
('2022-02-20 10:00:00',1,'marion.guillaume@basketball.db',12),
('2022-02-20 10:00:00',2,'elise.trelohan@basketball.db',8),
('2022-02-20 10:30:00',2,'maissa.azzam@basketball.db',10),
('2022-02-20 10:30:00',2,'marion.guillaume@basketball.db',9),
('2022-02-20 10:30:00',1,'elise.trelohan@basketball.db',12),
('2022-02-20 11:00:00',3,'maissa.azzam@basketball.db',8),
('2022-02-20 11:00:00',3,'marion.guillaume@basketball.db',3),
('2022-02-20 11:00:00',4,'elise.trelohan@basketball.db',7),
('2022-02-20 11:30:00',4,'maissa.azzam@basketball.db',9),
('2022-02-20 11:30:00',4,'marion.guillaume@basketball.db',7),
('2022-02-20 11:30:00',3,'elise.trelohan@basketball.db',4),
('2022-02-20 12:00:00',3,'maissa.azzam@basketball.db',6),
('2022-02-24 19:00:00',2,'marion.guillaume@basketball.db',10),
('2022-02-24 19:00:00',1,'maissa.azzam@basketball.db',14),
('2022-02-24 19:00:00',1,'elise.trelohan@basketball.db',8),
('2022-02-24 19:30:00',1,'marion.guillaume@basketball.db',12),
('2022-02-24 19:30:00',2,'maissa.azzam@basketball.db',11),
('2022-02-24 19:30:00',2,'elise.trelohan@basketball.db',7),
('2022-03-03 18:45:00',2,'celia.baudoin@basketball.db',11),
('2022-03-03 18:45:00',2,'elise.trelohan@basketball.db',10),
('2022-03-03 18:45:00',2,'maissa.azzam@basketball.db',10),
('2022-03-03 18:45:00',2,'marion.guillaume@basketball.db',8),
('2022-03-03 19:00:00',1,'celia.baudoin@basketball.db',8),
('2022-03-03 19:00:00',1,'elise.trelohan@basketball.db',4),
('2022-03-03 19:00:00',1,'maissa.azzam@basketball.db',12),
('2022-03-03 19:00:00',1,'marion.guillaume@basketball.db',8),
('2022-03-03 19:15:00',3,'celia.baudoin@basketball.db',15),
('2022-03-03 19:15:00',3,'elise.trelohan@basketball.db',3),
('2022-03-03 19:15:00',3,'maissa.azzam@basketball.db',10),
('2022-03-03 19:15:00',3,'marion.guillaume@basketball.db',2),
('2022-03-03 19:30:00',4,'celia.baudoin@basketball.db',13),
('2022-03-03 19:30:00',4,'elise.trelohan@basketball.db',12),
('2022-03-03 19:30:00',4,'maissa.azzam@basketball.db',18),
('2022-03-03 19:30:00',4,'marion.guillaume@basketball.db',7),
('2022-03-10 18:45:00',1,'elise.trelohan@basketball.db',12),
('2022-03-10 18:45:00',1,'celia.baudoin@basketball.db',14),
('2022-03-10 18:45:00',1,'maissa.azzam@basketball.db',14),
('2022-03-10 18:45:00',2,'marion.guillaume@basketball.db',7),
('2022-03-10 19:00:00',2,'elise.trelohan@basketball.db',10),
('2022-03-10 19:00:00',2,'celia.baudoin@basketball.db',11),
('2022-03-10 19:00:00',2,'maissa.azzam@basketball.db',11),
('2022-03-10 19:00:00',1,'marion.guillaume@basketball.db',8),
('2022-03-10 19:15:00',4,'elise.trelohan@basketball.db',8),
('2022-03-10 19:15:00',4,'celia.baudoin@basketball.db',10),
('2022-03-10 19:15:00',4,'maissa.azzam@basketball.db',9),
('2022-03-10 19:15:00',3,'marion.guillaume@basketball.db',1),
('2022-03-10 19:30:00',3,'elise.trelohan@basketball.db',5),
('2022-03-10 19:30:00',3,'celia.baudoin@basketball.db',12),
('2022-03-10 19:30:00',3,'maissa.azzam@basketball.db',3),
('2022-03-10 19:30:00',4,'marion.guillaume@basketball.db',7),
('2022-03-17 18:45:00',1,'maissa.azzam@basketball.db',12),
('2022-03-17 18:45:00',2,'marion.guillaume@basketball.db',7),
('2022-03-17 18:50:00',1,'maissa.azzam@basketball.db',14),
('2022-03-17 19:00:00',2,'maissa.azzam@basketball.db',12),
('2022-03-17 19:00:00',1,'marion.guillaume@basketball.db',8),
('2022-03-17 19:05:00',2,'maissa.azzam@basketball.db',10),
('2022-03-17 19:15:00',3,'maissa.azzam@basketball.db',11),
('2022-03-17 19:15:00',4,'marion.guillaume@basketball.db',4),
('2022-03-17 19:20:00',3,'maissa.azzam@basketball.db',10),
('2022-03-17 19:30:00',4,'maissa.azzam@basketball.db',12),
('2022-03-17 19:30:00',3,'marion.guillaume@basketball.db',8),
('2022-03-17 19:35:00',4,'maissa.azzam@basketball.db',12),
('2022-03-22 19:00:00',2,'maissa.azzam@basketball.db',13),
('2022-03-22 19:15:00',1,'maissa.azzam@basketball.db',14),
('2022-03-22 19:30:00',3,'maissa.azzam@basketball.db',9),
('2022-03-22 19:45:00',4,'maissa.azzam@basketball.db',11),
('2022-03-23 15:00:00',1,'maissa.azzam@basketball.db',12),
('2022-03-23 15:00:00',2,'maissa.azzam@basketball.db',13),
('2022-03-23 15:00:00',4,'maissa.azzam@basketball.db',14),
('2022-03-23 15:00:00',3,'maissa.azzam@basketball.db',8),
('2022-03-31 18:40:00',2,'celia.baudoin@basketball.db',10),
('2022-03-31 18:40:00',2,'maissa.azzam@basketball.db',12),
('2022-03-31 18:40:00',2,'elise.trelohan@basketball.db',5),
('2022-03-31 18:40:00',2,'marion.guillaume@basketball.db',9),
('2022-03-31 18:50:00',1,'celia.baudoin@basketball.db',12),
('2022-03-31 18:50:00',1,'maissa.azzam@basketball.db',14),
('2022-03-31 18:50:00',1,'elise.trelohan@basketball.db',10),
('2022-03-31 18:50:00',1,'marion.guillaume@basketball.db',10),
('2022-03-31 19:00:00',2,'celia.baudoin@basketball.db',11),
('2022-03-31 19:00:00',2,'maissa.azzam@basketball.db',7),
('2022-03-31 19:00:00',2,'elise.trelohan@basketball.db',11),
('2022-03-31 19:05:00',1,'maissa.azzam@basketball.db',16),
('2022-03-31 19:05:00',1,'elise.trelohan@basketball.db',8),
('2022-03-31 19:25:00',3,'celia.baudoin@basketball.db',6),
('2022-03-31 19:25:00',3,'maissa.azzam@basketball.db',8),
('2022-03-31 19:25:00',3,'elise.trelohan@basketball.db',4),
('2022-03-31 19:25:00',3,'marion.guillaume@basketball.db',5),
('2022-03-31 19:30:00',3,'celia.baudoin@basketball.db',11),
('2022-03-31 19:30:00',3,'maissa.azzam@basketball.db',11),
('2022-03-31 19:30:00',3,'elise.trelohan@basketball.db',3),
('2022-03-31 19:30:00',3,'marion.guillaume@basketball.db',5),
('2022-03-31 19:35:00',4,'celia.baudoin@basketball.db',8),
('2022-03-31 19:35:00',4,'maissa.azzam@basketball.db',11),
('2022-03-31 19:35:00',4,'elise.trelohan@basketball.db',9),
('2022-03-31 19:35:00',4,'marion.guillaume@basketball.db',5),
('2022-03-31 19:45:00',3,'celia.baudoin@basketball.db',13),
('2022-03-31 19:45:00',3,'maissa.azzam@basketball.db',15),
('2022-03-31 19:45:00',3,'elise.trelohan@basketball.db',13),
('2022-03-31 19:45:00',3,'marion.guillaume@basketball.db',5),
('2022-04-07 18:45:00',1,'maissa.azzam@basketball.db',12),
('2022-04-07 18:45:00',1,'marion.guillaume@basketball.db',10),
('2022-04-07 19:00:00',2,'maissa.azzam@basketball.db',11),
('2022-04-07 19:00:00',2,'marion.guillaume@basketball.db',11),
('2022-04-07 19:15:00',3,'maissa.azzam@basketball.db',12),
('2022-04-07 19:15:00',3,'marion.guillaume@basketball.db',7),
('2022-04-07 19:30:00',4,'maissa.azzam@basketball.db',13),
('2022-04-07 19:30:00',4,'marion.guillaume@basketball.db',12),
('2022-04-12 18:45:00',2,'celia.baudoin@basketball.db',10),
('2022-04-12 18:45:00',2,'maissa.azzam@basketball.db',12),
('2022-04-12 18:45:00',2,'marion.guillaume@basketball.db',8),
('2022-04-12 19:00:00',1,'celia.baudoin@basketball.db',12),
('2022-04-12 19:00:00',1,'maissa.azzam@basketball.db',14),
('2022-04-12 19:00:00',1,'marion.guillaume@basketball.db',10),
('2022-04-12 19:30:00',4,'celia.baudoin@basketball.db',4),
('2022-04-12 19:30:00',4,'maissa.azzam@basketball.db',11),
('2022-04-12 19:30:00',4,'marion.guillaume@basketball.db',5),
('2022-04-12 19:45:00',3,'celia.baudoin@basketball.db',10),
('2022-04-12 19:45:00',3,'maissa.azzam@basketball.db',6),
('2022-04-12 19:45:00',3,'marion.guillaume@basketball.db',5),
('2022-04-14 19:15:00',4,'celia.baudoin@basketball.db',21),
('2022-04-14 19:15:00',4,'maissa.azzam@basketball.db',19),
('2022-04-14 19:25:00',4,'celia.baudoin@basketball.db',16),
('2022-04-14 19:25:00',4,'maissa.azzam@basketball.db',14),
('2022-04-14 19:35:00',3,'celia.baudoin@basketball.db',9),
('2022-04-14 19:35:00',3,'maissa.azzam@basketball.db',6),
('2022-04-14 19:40:00',3,'celia.baudoin@basketball.db',10),
('2022-04-14 19:40:00',3,'maissa.azzam@basketball.db',13),
('2022-04-14 19:45:00',4,'celia.baudoin@basketball.db',20),
('2022-04-14 19:45:00',4,'maissa.azzam@basketball.db',12),
('2022-04-14 19:55:00',3,'celia.baudoin@basketball.db',14),
('2022-04-14 19:55:00',3,'maissa.azzam@basketball.db',6),
('2022-04-14 20:00:00',3,'celia.baudoin@basketball.db',13),
('2022-04-14 20:00:00',3,'maissa.azzam@basketball.db',5),
('2022-04-19 19:00:00',4,'maissa.azzam@basketball.db',17),
('2022-04-19 19:15:00',4,'maissa.azzam@basketball.db',11),
('2022-04-19 19:30:00',3,'maissa.azzam@basketball.db',9),
('2022-04-19 19:31:00',3,'maissa.azzam@basketball.db',14),
('2022-04-19 19:35:00',3,'maissa.azzam@basketball.db',10),
('2022-04-19 19:36:00',3,'maissa.azzam@basketball.db',7),
('2022-04-19 19:40:00',4,'maissa.azzam@basketball.db',3),
('2022-04-19 19:41:00',4,'maissa.azzam@basketball.db',14),
('2022-04-19 19:55:00',3,'maissa.azzam@basketball.db',7),
('2022-04-19 19:56:00',3,'maissa.azzam@basketball.db',8),
('2022-04-20 18:45:00',1,'elise.trelohan@basketball.db',12),
('2022-04-20 18:45:00',1,'maissa.azzam@basketball.db',16),
('2022-04-20 19:00:00',2,'elise.trelohan@basketball.db',10),
('2022-04-20 19:00:00',2,'maissa.azzam@basketball.db',13),
('2022-04-20 19:30:00',3,'elise.trelohan@basketball.db',1),
('2022-04-20 19:30:00',3,'maissa.azzam@basketball.db',15),
('2022-04-20 19:45:00',4,'elise.trelohan@basketball.db',3),
('2022-04-20 19:45:00',4,'maissa.azzam@basketball.db',13),
('2022-04-22 16:30:00',1,'maissa.azzam@basketball.db',16),
('2022-04-22 17:00:00',2,'maissa.azzam@basketball.db',12),
('2022-04-22 17:30:00',4,'maissa.azzam@basketball.db',11),
('2022-04-22 18:00:00',3,'maissa.azzam@basketball.db',8),
('2022-09-07 18:55:00',3,'elise.trelohan@basketball.db',6),
('2022-09-07 18:55:00',3,'adele.lefeuvre@basketball.db',7),
('2022-09-07 18:55:00',3,'marion.guillaume@basketball.db',10),
('2022-09-07 18:55:00',3,'lea.paboeuf@basketball.db',0),
('2022-09-07 18:55:00',3,'maiwenn.gicquel@basketball.db',4),
('2022-09-07 18:55:00',3,'isa.azzam@basketball.db',2),
('2022-09-07 18:50:00',3,'elise.trelohan@basketball.db',7),
('2022-09-07 18:50:00',3,'adele.lefeuvre@basketball.db',4),
('2022-09-07 18:50:00',3,'marion.guillaume@basketball.db',4),
('2022-09-07 18:50:00',3,'lea.paboeuf@basketball.db',1),
('2022-09-07 18:50:00',3,'maiwenn.gicquel@basketball.db',1),
('2022-09-07 18:50:00',3,'isa.azzam@basketball.db',1),
('2022-09-07 18:40:00',1,'elise.trelohan@basketball.db',8),
('2022-09-07 18:40:00',1,'adele.lefeuvre@basketball.db',8),
('2022-09-07 18:40:00',1,'marion.guillaume@basketball.db',8),
('2022-09-07 18:40:00',1,'lea.paboeuf@basketball.db',4),
('2022-09-07 18:40:00',1,'maiwenn.gicquel@basketball.db',6),
('2022-09-07 18:40:00',1,'isa.azzam@basketball.db',4),
('2022-09-07 18:30:00',1,'elise.trelohan@basketball.db',10),
('2022-09-07 18:30:00',1,'adele.lefeuvre@basketball.db',4),
('2022-09-07 18:30:00',1,'marion.guillaume@basketball.db',8),
('2022-09-07 18:30:00',1,'lea.paboeuf@basketball.db',4),
('2022-09-07 18:30:00',1,'maiwenn.gicquel@basketball.db',2),
('2022-09-07 18:30:00',1,'isa.azzam@basketball.db',6),
('2022-09-14 18:00:00',1,'adele.lefeuvre@basketball.db',4),
('2022-09-14 18:00:00',1,'isa.azzam@basketball.db',10),
('2022-09-14 18:00:00',1,'maiwenn.gicquel@basketball.db',8),
('2022-09-14 18:00:00',1,'lea.paboeuf@basketball.db',4),
('2022-09-14 18:00:00',1,'koline.osseyi@basketball.db',8),
('2022-09-14 18:00:00',1,'jade.montois@basketball.db',0),
('2022-09-14 18:00:00',1,'elise.trelohan@basketball.db',10),
('2022-09-14 18:10:00',1,'adele.lefeuvre@basketball.db',2),
('2022-09-14 18:10:00',1,'isa.azzam@basketball.db',4),
('2022-09-14 18:10:00',1,'maiwenn.gicquel@basketball.db',6),
('2022-09-14 18:10:00',1,'lea.paboeuf@basketball.db',4),
('2022-09-14 18:10:00',1,'koline.osseyi@basketball.db',0),
('2022-09-14 18:10:00',1,'jade.montois@basketball.db',0),
('2022-09-14 18:10:00',1,'elise.trelohan@basketball.db',10),
('2022-09-14 18:20:00',1,'adele.lefeuvre@basketball.db',2),
('2022-09-14 18:20:00',1,'isa.azzam@basketball.db',10),
('2022-09-14 18:20:00',1,'maiwenn.gicquel@basketball.db',8),
('2022-09-14 18:20:00',1,'lea.paboeuf@basketball.db',10),
('2022-09-14 18:20:00',1,'koline.osseyi@basketball.db',4),
('2022-09-14 18:20:00',1,'jade.montois@basketball.db',0),
('2022-09-14 18:20:00',1,'elise.trelohan@basketball.db',10),
('2022-09-14 18:30:00',3,'adele.lefeuvre@basketball.db',1),
('2022-09-14 18:30:00',3,'isa.azzam@basketball.db',3),
('2022-09-14 18:30:00',3,'maiwenn.gicquel@basketball.db',3),
('2022-09-14 18:30:00',3,'lea.paboeuf@basketball.db',5),
('2022-09-14 18:30:00',3,'koline.osseyi@basketball.db',2),
('2022-09-14 18:30:00',3,'jade.montois@basketball.db',4),
('2022-09-14 18:30:00',3,'elise.trelohan@basketball.db',3),
('2022-09-14 18:40:00',3,'adele.lefeuvre@basketball.db',1),
('2022-09-14 18:40:00',3,'isa.azzam@basketball.db',3),
('2022-09-14 18:40:00',3,'maiwenn.gicquel@basketball.db',4),
('2022-09-14 18:40:00',3,'lea.paboeuf@basketball.db',5),
('2022-09-14 18:40:00',3,'koline.osseyi@basketball.db',5),
('2022-09-14 18:40:00',3,'jade.montois@basketball.db',7),
('2022-09-14 18:40:00',3,'elise.trelohan@basketball.db',4),
('2022-09-14 18:50:00',3,'adele.lefeuvre@basketball.db',2),
('2022-09-14 18:50:00',3,'isa.azzam@basketball.db',4),
('2022-09-14 18:50:00',3,'maiwenn.gicquel@basketball.db',5),
('2022-09-14 18:50:00',3,'lea.paboeuf@basketball.db',3),
('2022-09-14 18:50:00',3,'koline.osseyi@basketball.db',1),
('2022-09-14 18:50:00',3,'jade.montois@basketball.db',11),
('2022-09-14 18:50:00',3,'elise.trelohan@basketball.db',4),
('2022-09-21 18:00:00',2,'marion.guillaume@basketball.db',11),
('2022-09-21 18:10:00',2,'isa.azzam@basketball.db',7),
('2022-09-21 18:10:00',2,'adele.lefeuvre@basketball.db',7),
('2022-09-21 18:10:00',2,'elise.trelohan@basketball.db',7),
('2022-09-21 18:10:00',2,'marion.guillaume@basketball.db',9),
('2022-09-21 18:10:00',1,'lea.paboeuf@basketball.db',2),
('2022-09-21 18:10:00',1,'jade.montois@basketball.db',2),
('2022-09-21 18:10:00',1,'maiwenn.gicquel@basketball.db',4),
('2022-09-21 15:15:00',2,'isa.azzam@basketball.db',5),
('2022-09-21 15:15:00',2,'adele.lefeuvre@basketball.db',3),
('2022-09-21 15:15:00',2,'elise.trelohan@basketball.db',7),
('2022-09-21 15:15:00',2,'marion.guillaume@basketball.db',11),
('2022-09-21 15:15:00',1,'lea.paboeuf@basketball.db',8),
('2022-09-21 15:15:00',1,'jade.montois@basketball.db',4),
('2022-09-21 15:15:00',1,'maiwenn.gicquel@basketball.db',4),
('2022-09-21 18:20:00',1,'lea.paboeuf@basketball.db',8),
('2022-09-21 18:20:00',1,'jade.montois@basketball.db',2),
('2022-09-21 18:20:00',1,'maiwenn.gicquel@basketball.db',4),
('2022-09-21 18:25:00',1,'isa.azzam@basketball.db',6),
('2022-09-21 18:25:00',1,'adele.lefeuvre@basketball.db',6),
('2022-09-21 18:25:00',1,'elise.trelohan@basketball.db',10),
('2022-09-21 18:25:00',2,'marion.guillaume@basketball.db',10),
('2022-09-21 18:25:00',2,'lea.paboeuf@basketball.db',6),
('2022-09-21 18:25:00',2,'jade.montois@basketball.db',3),
('2022-09-21 18:30:00',1,'maiwenn.gicquel@basketball.db',3),
('2022-09-21 18:30:00',1,'isa.azzam@basketball.db',8),
('2022-09-21 18:30:00',1,'adele.lefeuvre@basketball.db',8),
('2022-09-21 18:30:00',1,'elise.trelohan@basketball.db',10),
('2022-09-21 18:30:00',1,'marion.guillaume@basketball.db',10),
('2022-09-21 18:30:00',2,'lea.paboeuf@basketball.db',4),
('2022-09-21 18:30:00',2,'jade.montois@basketball.db',5),
('2022-09-21 18:30:00',2,'maiwenn.gicquel@basketball.db',8),
('2022-09-21 18:35:00',2,'lea.paboeuf@basketball.db',5),
('2022-09-21 18:35:00',2,'jade.montois@basketball.db',3),
('2022-09-21 18:35:00',2,'maiwenn.gicquel@basketball.db',7),
('2022-09-21 18:45:00',3,'isa.azzam@basketball.db',1),
('2022-09-21 18:45:00',3,'adele.lefeuvre@basketball.db',1),
('2022-09-21 18:45:00',3,'elise.trelohan@basketball.db',7),
('2022-09-21 18:45:00',3,'marion.guillaume@basketball.db',3),
('2022-09-21 18:45:00',3,'lea.paboeuf@basketball.db',1),
('2022-09-21 18:45:00',3,'jade.montois@basketball.db',4),
('2022-09-21 18:45:00',3,'maiwenn.gicquel@basketball.db',2),
('2022-09-21 18:50:00',3,'isa.azzam@basketball.db',5),
('2022-09-21 18:50:00',3,'adele.lefeuvre@basketball.db',3),
('2022-09-21 18:50:00',3,'elise.trelohan@basketball.db',1),
('2022-09-21 18:50:00',3,'marion.guillaume@basketball.db',7),
('2022-09-21 18:50:00',3,'lea.paboeuf@basketball.db',3),
('2022-09-21 18:50:00',3,'jade.montois@basketball.db',3),
('2022-09-21 18:50:00',3,'maiwenn.gicquel@basketball.db',5),
('2022-09-28 18:00:00',1,'adele.lefeuvre@basketball.db',4),
('2022-09-28 18:00:00',1,'jade.montois@basketball.db',2),
('2022-09-28 18:00:00',1,'maiwenn.gicquel@basketball.db',6),
('2022-09-28 18:00:00',1,'marion.guillaume@basketball.db',12),
('2022-09-28 18:00:00',2,'elise.trelohan@basketball.db',7),
('2022-09-28 18:00:00',2,'isa.azzam@basketball.db',5),
('2022-09-28 18:00:00',2,'koline.osseyi@basketball.db',5),
('2022-09-28 18:00:00',2,'lea.paboeuf@basketball.db',4),
('2022-09-28 18:10:00',1,'adele.lefeuvre@basketball.db',4),
('2022-09-28 18:10:00',1,'jade.montois@basketball.db',2),
('2022-09-28 18:10:00',1,'maiwenn.gicquel@basketball.db',10),
('2022-09-28 18:10:00',1,'marion.guillaume@basketball.db',12),
('2022-09-28 18:10:00',2,'elise.trelohan@basketball.db',8),
('2022-09-28 18:10:00',2,'isa.azzam@basketball.db',6),
('2022-09-28 18:10:00',2,'koline.osseyi@basketball.db',6),
('2022-09-28 18:10:00',2,'lea.paboeuf@basketball.db',4),
('2022-09-28 18:20:00',1,'adele.lefeuvre@basketball.db',8),
('2022-09-28 18:20:00',1,'jade.montois@basketball.db',4),
('2022-09-28 18:20:00',1,'maiwenn.gicquel@basketball.db',8),
('2022-09-28 18:20:00',1,'marion.guillaume@basketball.db',12),
('2022-09-28 18:20:00',2,'elise.trelohan@basketball.db',8),
('2022-09-28 18:20:00',2,'isa.azzam@basketball.db',3),
('2022-09-28 18:20:00',2,'koline.osseyi@basketball.db',2),
('2022-09-28 18:20:00',2,'lea.paboeuf@basketball.db',5),
('2022-09-28 18:30:00',1,'elise.trelohan@basketball.db',12),
('2022-09-28 18:30:00',1,'isa.azzam@basketball.db',4),
('2022-09-28 18:30:00',1,'koline.osseyi@basketball.db',8),
('2022-09-28 18:30:00',1,'lea.paboeuf@basketball.db',2),
('2022-09-28 18:30:00',2,'adele.lefeuvre@basketball.db',6),
('2022-09-28 18:30:00',2,'jade.montois@basketball.db',6),
('2022-09-28 18:30:00',2,'maiwenn.gicquel@basketball.db',5),
('2022-09-28 18:30:00',2,'marion.guillaume@basketball.db',11),
('2022-09-28 18:40:00',1,'elise.trelohan@basketball.db',10),
('2022-09-28 18:40:00',1,'isa.azzam@basketball.db',8),
('2022-09-28 18:40:00',1,'koline.osseyi@basketball.db',6),
('2022-09-28 18:40:00',1,'lea.paboeuf@basketball.db',4),
('2022-09-28 18:40:00',2,'adele.lefeuvre@basketball.db',8),
('2022-09-28 18:40:00',2,'jade.montois@basketball.db',5),
('2022-09-28 18:40:00',2,'maiwenn.gicquel@basketball.db',6),
('2022-09-28 18:40:00',2,'marion.guillaume@basketball.db',9),
('2022-09-28 18:50:00',1,'elise.trelohan@basketball.db',10),
('2022-09-28 18:50:00',1,'isa.azzam@basketball.db',8),
('2022-09-28 18:50:00',1,'koline.osseyi@basketball.db',4),
('2022-09-28 18:50:00',1,'lea.paboeuf@basketball.db',8),
('2022-09-28 18:50:00',2,'adele.lefeuvre@basketball.db',4),
('2022-09-28 18:50:00',2,'jade.montois@basketball.db',8),
('2022-09-28 18:50:00',2,'maiwenn.gicquel@basketball.db',7),
('2022-09-28 18:50:00',2,'marion.guillaume@basketball.db',10),
('2022-09-28 19:00:00',3,'adele.lefeuvre@basketball.db',2),
('2022-09-28 19:00:00',3,'elise.trelohan@basketball.db',2),
('2022-09-28 19:00:00',3,'isa.azzam@basketball.db',3),
('2022-09-28 19:00:00',3,'jade.montois@basketball.db',4),
('2022-09-28 19:00:00',3,'koline.osseyi@basketball.db',4),
('2022-09-28 19:00:00',3,'lea.paboeuf@basketball.db',4),
('2022-09-28 19:00:00',3,'maiwenn.gicquel@basketball.db',5),
('2022-09-28 19:00:00',3,'marion.guillaume@basketball.db',3),
('2022-09-28 19:10:00',3,'adele.lefeuvre@basketball.db',4),
('2022-09-28 19:10:00',3,'elise.trelohan@basketball.db',7),
('2022-09-28 19:10:00',3,'isa.azzam@basketball.db',3),
('2022-09-28 19:10:00',3,'jade.montois@basketball.db',0),
('2022-09-28 19:10:00',3,'koline.osseyi@basketball.db',1),
('2022-09-28 19:10:00',3,'lea.paboeuf@basketball.db',7),
('2022-09-28 19:10:00',3,'maiwenn.gicquel@basketball.db',3),
('2022-09-28 19:10:00',3,'marion.guillaume@basketball.db',4),
('2022-09-28 19:20:00',3,'adele.lefeuvre@basketball.db',5),
('2022-09-28 19:20:00',3,'elise.trelohan@basketball.db',3),
('2022-09-28 19:20:00',3,'isa.azzam@basketball.db',3),
('2022-09-28 19:20:00',3,'jade.montois@basketball.db',3),
('2022-09-28 19:20:00',3,'koline.osseyi@basketball.db',2),
('2022-09-28 19:20:00',3,'lea.paboeuf@basketball.db',2),
('2022-09-28 19:20:00',3,'maiwenn.gicquel@basketball.db',6),
('2022-09-28 19:20:00',3,'marion.guillaume@basketball.db',2),
('2022-10-05 18:50:00',1,'adele.lefeuvre@basketball.db',6),
('2022-10-05 18:50:00',1,'jade.montois@basketball.db',2),
('2022-10-05 18:50:00',1,'lea.paboeuf@basketball.db',6),
('2022-10-05 18:50:00',1,'maiwenn.gicquel@basketball.db',12),
('2022-10-05 18:50:00',2,'elise.trelohan@basketball.db',6),
('2022-10-05 18:50:00',2,'isa.azzam@basketball.db',8),
('2022-10-05 18:50:00',2,'koline.osseyi@basketball.db',4),
('2022-10-05 19:00:00',1,'adele.lefeuvre@basketball.db',8),
('2022-10-05 19:00:00',1,'jade.montois@basketball.db',2),
('2022-10-05 19:00:00',1,'lea.paboeuf@basketball.db',8),
('2022-10-05 19:00:00',1,'maiwenn.gicquel@basketball.db',10),
('2022-10-05 19:00:00',2,'elise.trelohan@basketball.db',7),
('2022-10-05 19:00:00',2,'isa.azzam@basketball.db',3),
('2022-10-05 19:00:00',2,'koline.osseyi@basketball.db',5),
('2022-10-05 19:10:00',1,'elise.trelohan@basketball.db',4),
('2022-10-05 19:10:00',1,'isa.azzam@basketball.db',12),
('2022-10-05 19:10:00',1,'koline.osseyi@basketball.db',8),
('2022-10-05 19:10:00',2,'adele.lefeuvre@basketball.db',6),
('2022-10-05 19:10:00',2,'jade.montois@basketball.db',5),
('2022-10-05 19:10:00',2,'lea.paboeuf@basketball.db',5),
('2022-10-05 19:10:00',2,'maiwenn.gicquel@basketball.db',8),
('2022-10-05 19:20:00',1,'elise.trelohan@basketball.db',6),
('2022-10-05 19:20:00',1,'isa.azzam@basketball.db',6),
('2022-10-05 19:20:00',1,'koline.osseyi@basketball.db',8),
('2022-10-05 19:20:00',2,'adele.lefeuvre@basketball.db',2),
('2022-10-05 19:20:00',2,'jade.montois@basketball.db',4),
('2022-10-05 19:20:00',2,'lea.paboeuf@basketball.db',4),
('2022-10-05 19:20:00',2,'maiwenn.gicquel@basketball.db',9),
('2022-10-05 19:30:00',3,'adele.lefeuvre@basketball.db',2),
('2022-10-05 19:30:00',3,'elise.trelohan@basketball.db',3),
('2022-10-05 19:30:00',3,'isa.azzam@basketball.db',5),
('2022-10-05 19:30:00',3,'jade.montois@basketball.db',2),
('2022-10-05 19:30:00',3,'koline.osseyi@basketball.db',4),
('2022-10-05 19:30:00',3,'lea.paboeuf@basketball.db',2),
('2022-10-05 19:30:00',3,'maiwenn.gicquel@basketball.db',4),
('2022-10-05 19:40:00',3,'adele.lefeuvre@basketball.db',2),
('2022-10-05 19:40:00',3,'elise.trelohan@basketball.db',1),
('2022-10-05 19:40:00',3,'isa.azzam@basketball.db',2),
('2022-10-05 19:40:00',3,'jade.montois@basketball.db',7),
('2022-10-05 19:40:00',3,'lea.paboeuf@basketball.db',8),
('2022-10-05 19:40:00',3,'maiwenn.gicquel@basketball.db',2),
('2022-10-05 19:50:00',3,'koline.osseyi@basketball.db',1),
('2022-10-05 19:50:00',4,'adele.lefeuvre@basketball.db',5),
('2022-10-05 19:50:00',4,'elise.trelohan@basketball.db',5),
('2022-10-05 19:50:00',4,'isa.azzam@basketball.db',8),
('2022-10-05 19:50:00',4,'jade.montois@basketball.db',8),
('2022-10-05 19:50:00',4,'koline.osseyi@basketball.db',3),
('2022-10-05 19:50:00',4,'lea.paboeuf@basketball.db',5),
('2022-10-05 19:50:00',4,'maiwenn.gicquel@basketball.db',3),
('2022-10-12 19:00:00',1,'adele.lefeuvre@basketball.db',8),
('2022-10-12 19:00:00',1,'isa.azzam@basketball.db',6),
('2022-10-12 19:00:00',1,'jade.montois@basketball.db',2),
('2022-10-12 19:00:00',1,'lea.paboeuf@basketball.db',6),
('2022-10-12 19:00:00',1,'maiwenn.gicquel@basketball.db',12),
('2022-10-12 19:00:00',1,'marion.guillaume@basketball.db',8),
('2022-10-12 19:10:00',1,'adele.lefeuvre@basketball.db',10),
('2022-10-12 19:10:00',1,'isa.azzam@basketball.db',10),
('2022-10-12 19:10:00',1,'jade.montois@basketball.db',2),
('2022-10-12 19:10:00',1,'lea.paboeuf@basketball.db',10),
('2022-10-12 19:10:00',1,'maiwenn.gicquel@basketball.db',10),
('2022-10-12 19:10:00',1,'marion.guillaume@basketball.db',10),
('2022-10-12 19:20:00',2,'adele.lefeuvre@basketball.db',6),
('2022-10-12 19:20:00',2,'isa.azzam@basketball.db',7),
('2022-10-12 19:20:00',2,'jade.montois@basketball.db',4),
('2022-10-12 19:20:00',2,'lea.paboeuf@basketball.db',7),
('2022-10-12 19:20:00',2,'maiwenn.gicquel@basketball.db',5),
('2022-10-12 19:20:00',2,'marion.guillaume@basketball.db',9),
('2022-10-12 19:30:00',2,'adele.lefeuvre@basketball.db',3),
('2022-10-12 19:30:00',2,'isa.azzam@basketball.db',9),
('2022-10-12 19:30:00',2,'jade.montois@basketball.db',4),
('2022-10-12 19:30:00',2,'lea.paboeuf@basketball.db',10),
('2022-10-12 19:30:00',2,'maiwenn.gicquel@basketball.db',6),
('2022-10-12 19:30:00',2,'marion.guillaume@basketball.db',11),
('2022-10-12 19:40:00',3,'adele.lefeuvre@basketball.db',2),
('2022-10-12 19:40:00',3,'isa.azzam@basketball.db',1),
('2022-10-12 19:40:00',3,'jade.montois@basketball.db',8),
('2022-10-12 19:40:00',3,'lea.paboeuf@basketball.db',1),
('2022-10-12 19:40:00',3,'maiwenn.gicquel@basketball.db',4),
('2022-10-12 19:40:00',3,'marion.guillaume@basketball.db',8),
('2022-10-12 19:45:00',3,'adele.lefeuvre@basketball.db',4),
('2022-10-12 19:45:00',3,'isa.azzam@basketball.db',3),
('2022-10-12 19:45:00',3,'jade.montois@basketball.db',7),
('2022-10-12 19:45:00',3,'lea.paboeuf@basketball.db',9),
('2022-10-12 19:45:00',3,'maiwenn.gicquel@basketball.db',2),
('2022-10-12 19:45:00',3,'marion.guillaume@basketball.db',6),
('2022-10-12 19:50:00',4,'adele.lefeuvre@basketball.db',2),
('2022-10-12 19:50:00',4,'isa.azzam@basketball.db',9),
('2022-10-12 19:50:00',4,'jade.montois@basketball.db',5),
('2022-10-12 19:50:00',4,'lea.paboeuf@basketball.db',2),
('2022-10-12 19:50:00',4,'maiwenn.gicquel@basketball.db',1),
('2022-10-12 19:50:00',4,'marion.guillaume@basketball.db',8),
('2022-10-19 18:55:00','4','marion.guillaume@basketball.db','13'),
('2022-10-19 18:55:00','4','koline.osseyi@basketball.db','6'),
('2022-10-19 18:55:00','4','léa.paboeuf@basketball.db','0'),
('2022-10-19 18:55:00','4','jade.montois@basketball.db','5'),
('2022-10-19 18:55:00','4','maïwenn.gicquel@basketball.db','8'),
('2022-10-19 18:55:00','4','margot.rialland@basketball.db','3'),
('2022-10-19 18:55:00','4','elise.trelohan@basketball.db','1'),
('2022-10-19 18:55:00','4','isa.azzam@basketball.db','8'),
('2022-10-19 18:45:00','4','marion.guillaume@basketball.db','8'),
('2022-10-19 18:45:00','4','koline.osseyi@basketball.db','12'),
('2022-10-19 18:45:00','4','léa.paboeuf@basketball.db','6'),
('2022-10-19 18:45:00','4','jade.montois@basketball.db','9'),
('2022-10-19 18:45:00','4','maïwenn.gicquel@basketball.db','5'),
('2022-10-19 18:45:00','4','margot.rialland@basketball.db','4'),
('2022-10-19 18:45:00','4','elise.trelohan@basketball.db','11'),
('2022-10-19 18:45:00','4','isa.azzam@basketball.db','2'),
('2022-10-19 18:40:00','3','marion.guillaume@basketball.db','7'),
('2022-10-19 18:40:00','3','koline.osseyi@basketball.db','4'),
('2022-10-19 18:40:00','3','léa.paboeuf@basketball.db','5'),
('2022-10-19 18:40:00','3','jade.montois@basketball.db','3'),
('2022-10-19 18:40:00','3','maïwenn.gicquel@basketball.db','5'),
('2022-10-19 18:40:00','3','margot.rialland@basketball.db','3'),
('2022-10-19 18:40:00','3','elise.trelohan@basketball.db','6'),
('2022-10-19 18:40:00','3','isa.azzam@basketball.db','2'),
('2022-10-19 18:35:00','3','marion.guillaume@basketball.db','4'),
('2022-10-19 18:35:00','3','koline.osseyi@basketball.db','3'),
('2022-10-19 18:35:00','3','léa.paboeuf@basketball.db','2'),
('2022-10-19 18:35:00','3','jade.montois@basketball.db','3'),
('2022-10-19 18:35:00','3','maïwenn.gicquel@basketball.db','5'),
('2022-10-19 18:35:00','3','margot.rialland@basketball.db','3'),
('2022-10-19 18:35:00','3','elise.trelohan@basketball.db','3'),
('2022-10-19 18:35:00','3','isa.azzam@basketball.db','3'),
('2022-10-19 18:25:00','1','marion.guillaume@basketball.db','10'),
('2022-10-19 18:25:00','1','koline.osseyi@basketball.db','4'),
('2022-10-19 18:25:00','2','léa.paboeuf@basketball.db','5'),
('2022-10-19 18:25:00','2','jade.montois@basketball.db','5'),
('2022-10-19 18:25:00','2','maïwenn.gicquel@basketball.db','9'),
('2022-10-19 18:25:00','1','margot.rialland@basketball.db','6'),
('2022-10-19 18:25:00','1','elise.trelohan@basketball.db','12'),
('2022-10-19 18:25:00','2','isa.azzam@basketball.db','8'),
('2022-10-19 18:15:00','1','marion.guillaume@basketball.db','12'),
('2022-10-19 18:15:00','1','koline.osseyi@basketball.db','8'),
('2022-10-19 18:15:00','2','léa.paboeuf@basketball.db','9'),
('2022-10-19 18:15:00','2','jade.montois@basketball.db','3'),
('2022-10-19 18:15:00','2','maïwenn.gicquel@basketball.db','11'),
('2022-10-19 18:15:00','1','margot.rialland@basketball.db','4'),
('2022-10-19 18:15:00','1','elise.trelohan@basketball.db','6'),
('2022-10-19 18:15:00','2','isa.azzam@basketball.db','6'),
('2022-10-19 18:05:00','2','marion.guillaume@basketball.db','9'),
('2022-10-19 18:05:00','2','koline.osseyi@basketball.db','10'),
('2022-10-19 18:05:00','1','léa.paboeuf@basketball.db','6'),
('2022-10-19 18:05:00','1','jade.montois@basketball.db','2'),
('2022-10-19 18:05:00','1','maïwenn.gicquel@basketball.db','8'),
('2022-10-19 18:05:00','2','margot.rialland@basketball.db','5'),
('2022-10-19 18:05:00','2','elise.trelohan@basketball.db','9'),
('2022-10-19 18:05:00','1','isa.azzam@basketball.db','12'),
('2022-10-19 17:55:00','2','marion.guillaume@basketball.db','11'),
('2022-10-19 17:55:00','2','koline.osseyi@basketball.db','8'),
('2022-10-19 17:55:00','1','léa.paboeuf@basketball.db','4'),
('2022-10-19 17:55:00','1','jade.montois@basketball.db','0'),
('2022-10-19 17:55:00','1','maïwenn.gicquel@basketball.db','8'),
('2022-10-19 17:55:00','2','margot.rialland@basketball.db','5'),
('2022-10-19 17:55:00','2','elise.trelohan@basketball.db','4'),
('2022-10-19 17:55:00','1','isa.azzam@basketball.db','4');